{
  "project_info": {
    "project_number": "647596390074",
    "project_id": "booking-app-e441d",
    "storage_bucket": "booking-app-e441d.appspot.com"
  },
  "client": [
    {
      "client_info": {
        "mobilesdk_app_id": "1:647596390074:android:db6d1f23bba2dce281f483",
        "android_client_info": {
          "package_name": "com.mycompany.bookingapp"
        }
      },
      "oauth_client": [],
      "api_key": [
        {
          "current_key": "AIzaSyBpzsTlZezpNgIvThLgnFczoE2nRnEouIQ"
        }
      ],
      "services": {
        "appinvite_service": {
          "other_platform_oauth_client": []
        }
      }
    },
    {
      "client_info": {
        "mobilesdk_app_id": "1:647596390074:android:a705822a63dc623f81f483",
        "android_client_info": {
          "package_name": "com.mycompany.playtomictest"
        }
      },
      "oauth_client": [],
      "api_key": [
        {
          "current_key": "AIzaSyBpzsTlZezpNgIvThLgnFczoE2nRnEouIQ"
        }
      ],
      "services": {
        "appinvite_service": {
          "other_platform_oauth_client": []
        }
      }
    }
  ],
  "configuration_version": "1"
}