{
  "project_info": {
    "project_number": "945469977532",
    "project_id": "travel-app-95u9i9",
    "storage_bucket": "travel-app-95u9i9.appspot.com"
  },
  "client": [
    {
      "client_info": {
        "mobilesdk_app_id": "1:945469977532:android:0081fbfa8fa10ae10eb1b9",
        "android_client_info": {
          "package_name": "com.mycompany.travelapp"
        }
      },
      "oauth_client": [],
      "api_key": [
        {
          "current_key": "AIzaSyDbYvDiqinqdw-yRCvLRJM05BvLqOuIa78"
        }
      ],
      "services": {
        "appinvite_service": {
          "other_platform_oauth_client": []
        }
      }
    }
  ],
  "configuration_version": "1"
}